<?xml version='1.0' encoding='utf-8'?>
<!DOCTYPE hibernate-configuration PUBLIC
        "-//Hibernate/Hibernate Configuration DTD 3.0//EN"
        "http://hibernate.sourceforge.net/hibernate-configuration-3.0.dtd">

<hibernate-configuration>

    <session-factory>
<!--//192.168.100.101:3306/zimele_info_soft,jdbc:mysql://192.168.100.101:3306/zimeleassetmanagementdb ;Zimele_Soft_DB;zimele45 ,  //localhost:3306/zimeleassetmanagementdb-->
        <!-- Database connection settings -->
        <!-- <property name="connection.driver_class">org.hsqldb.jdbcDriver</property>
         <property name="connection.url">jdbc:hsqldb:hsql://localhost/TestDB</property> -->
         

      <!--   <property name="connection.driver_class">com.mysql.jdbc.Driver</property>
        <property name="connection.url">jdbc:mysql://192.168.100.101:3306/zimeleassetmanagementdb</property>
        <property name="connection.username">Zimele_Soft_DB</property>
        <property name="connection.password">zimele45</property> -->
 
           <property name="connection.driver_class">com.mysql.jdbc.Driver</property>
        <property name="connection.url">jdbc:mysql://localhost:3306/zimeleassetmanagementdb</property>
        <property name="connection.username">root</property>
        <property name="connection.password">401229053</property>

 
 
        <!-- JDBC connection pool (use the built-in) -->
        <property name="connection.pool_size">1</property>

        <!-- SQL dialect -->
        <property name="dialect">org.hibernate.dialect.MySQLDialect </property>
       

   		
        <!-- Echo all executed SQL to stdout -->
        <property name="show_sql">true</property>
        
        <!-- drop and re-create  data base schema  on start up -->
        <property name ="hbm2ddl.auto">update</property>
        
        <!-- names the annotated entity class -->
        <mapping class="MoneyMarket.MoneyMarketDeposit"/>
        <mapping class="MoneyMarket.MoneyMarketWithdrawal"/>
        <mapping class="BalanceFund.BalanceFundPurchase"/>
        <mapping class="BalanceFund.BalanceFundWithdrawal"/>
        <mapping class="GaranteedPension.GaranteedPensionDeposit"/>
        <mapping class="GaranteedPension.GaranteedPensionWithdrawals"/>
        <mapping class="HomeOwnership.HomeOwnershipDeposit"/>
        <mapping class="HomeOwnership.HomeOwnershipWithdrawal"/>
        <mapping class="PersonalPension.PersonalPensionDeposit"/>
        <mapping class="PersonalPension.PersonalPensionWithdrawal"/>
        <mapping class="Registration.FundTransfer"/>
        <mapping class="Registration.InvestmentApplication"/>
        <mapping class="Registration.NextOfKinInformation"/>
        <mapping class="Registration.PersonalInformation"/>
        <mapping class="BackOficeModelClasses.BalanceFundSetPrices"/>
        <mapping class="BackOficeModelClasses.GaranteedPensionRates"/>
        <mapping class="BackOficeModelClasses.HomeOwnershipSetRates"/>
        <mapping class="BackOficeModelClasses.MoneyMarketSetRate"/>
        <mapping class="BackOficeModelClasses.PersonalPensionSetRates"/>
         <mapping class="Zimele_Admin.UserDataTable"/>
        <mapping class="Zimele_Admin.DeletedUsersTable"/>
        
       
    </session-factory>

</hibernate-configuration>
